,indexs,name,numberOfStock,link
1,VNCOND,VNAllShare Consumer Discretionary,29.0,https://www.hsx.vn/Modules/Listed/Web/SectorItemView/188802515
2,VNCONS,VNAllShare Consumer Staples,22.0,https://www.hsx.vn/Modules/Listed/Web/SectorItemView/188802514
3,VNENE,VNAllShare Energy,6.0,https://www.hsx.vn/Modules/Listed/Web/SectorItemView/188802517
4,VNFIN,VNAllShare Financials Ex Real Estate,23.0,https://www.hsx.vn/Modules/Listed/Web/SectorItemView/188802511
5,VNHEAL,VNAllShare Health Care,6.0,https://www.hsx.vn/Modules/Listed/Web/SectorItemView/188802516
6,VNIND,VNAllShare Industrials,67.0,https://www.hsx.vn/Modules/Listed/Web/SectorItemView/188802513
7,VNIT,VNAllShare Information Technology,4.0,https://www.hsx.vn/Modules/Listed/Web/SectorItemView/188802520
8,VNMAT,VNAllShare Materials,39.0,https://www.hsx.vn/Modules/Listed/Web/SectorItemView/188802512
9,VNREAL,VNAllShare Real Estate,38.0,https://www.hsx.vn/Modules/Listed/Web/SectorItemView/188802519
10,VNUTI,VNAllShare Utilities,10.0,https://www.hsx.vn/Modules/Listed/Web/SectorItemView/188802518
